,en,ru,pt-br,es-es,de,fr-fr,it,pl,zh-cn,jp,ko,,NOTES – use \n for newline,max length

text_blankstone_starter_stone_desc,"Knowledge is found in tablets scattered throughout the world.\nGet back what the Dragon stole.\nFind the bees.",,,,,"Le savoir se trouve dans les tablettes dispersés à travers le monde.\nRécuperez ce que le Dragon à dérober.\nTrouvez les abeilles.",,,,,,,
text_blankstone_alchemist_stone_desc,"Give me honey.",,,,,"Donnez moi du miel.",,,,,,,

stone_blankstone_blankStone_name,Blank Stone,,,,,Pierre Immaculé,,,,,,,
stone_blankstone_blankStone_desc,"An imitation without soul.\nIt yearns to become, maybe give it a hand... or a foot.",,,,,"Une imitation sans âme.\nElle aspire à devenir, peut etre lui donner un coup de main... ou de pied.",,,,,,,
stone_blankstone_acceleratiumStone_name,Viridian Rush Stone,,,,,Pierre de Ruée Viridienne,,,,,,,
stone_blankstone_acceleratiumStone_desc,Time bends around you. The world slows while you race.,,,,,Le temps se plie autour de vous. Le monde ralentit pendant que vous filez.,,,,,,,
stone_blankstone_ambrosiaStone_name,Ambrosia Stone,,,,,Pierre d'Ambroisie,,,,,,,
stone_blankstone_ambrosiaStone_desc,"Divine ichor flows within. The gods' protection is yours.",,,,,L'ichor divin coule en elle. La protection des dieux est vôtre.,,,,,,,
stone_blankstone_bigStone_name,Colossus Shard,,,,,Éclat de Colosse,,,,,,,
stone_blankstone_bigStone_desc,"Mass yearns to expand. Instability incarnate.",,,,,La masse aspire à s'étendre. L'instabilité incarnée.,,,,,,,
stone_blankstone_explosionStone_name,Detonation Core,,,,,Cœur de Détonation,,,,,,,
stone_blankstone_explosionStone_desc,"Contained chaos. One spark from oblivion.",,,,,Chaos contenu. Une étincelle de l'oubli.,,,,,,,
stone_blankstone_goldStone_name,Philosopher's Stone,,,,,Pierre Philosophale,,,,,,,
stone_blankstone_goldStone_desc,"Heresy made manifest. The gods warned against this.",,,,,L'hérésie incarnée. Les dieux vous avaient prévenu.,,,,,,,
stone_blankstone_hasteStone_name,Quicksilver Heart,,,,,Cœur de Vif-Argent,,,,,,,
stone_blankstone_hasteStone_desc,"Your limbs remember what it means to fly.",,,,,Vos membres se souviennent de ce que signifie voler.,,,,,,,
stone_blankstone_healthStone_name,Vitae Crystal,,,,,Cristal de Vitae,,,,,,,
stone_blankstone_healthStone_desc,"Life clings to this stone. It breathes with you.",,,,,La vie s'accroche à cette pierre. Elle respire avec vous.,,,,,,,
stone_blankstone_levitatiumStone_name,Levitatium Stone,,,,,Pierre de Lévitation,,,,,,,
stone_blankstone_levitatiumStone_desc,"Gravity forgets you exist.",,,,,La gravité oublie votre existence.,,,,,,,
stone_blankstone_loveStone_name,Heart of Devotion,,,,,Cœur de Dévotion,,,,,,,
stone_blankstone_loveStone_desc,"Love screams from within. Everything yearns for you.",,,,,L'amour hurle de l'intérieur. Tout aspire à vous.,,,,,,,
stone_blankstone_polyStone_name,Flesh Sculptor's Eye,,,,,Œil du Sculpteur de Chair,,,,,,,
stone_blankstone_polyStone_desc,"Something watches through you. Your form is negotiable.",,,,,Quelque chose observe à travers vous. Votre forme est négociable.,,,,,,,
stone_blankstone_toxicStone_name,Miasma Seed,,,,,Graine de Miasme,,,,,,,
stone_blankstone_toxicStone_desc,"Death concentrated. The air around it withers.",,,,,La mort concentrée. L'air autour d'elle se flétrit.,,,,,,,
stone_blankstone_unstableTeleportStone_name,Fractured Blink Stone,,,,,Pierre de Transfert Fracturée,,,,,,,
stone_blankstone_unstableTeleportStone_desc,"Reality slips through your fingers. Where will you end?",,,,,La réalité glisse entre vos doigts. Où allez-vous finir ?,,,,,,,
stone_blankstone_teleportStone_name,Stable Blink Stone,,,,,Pierre de Transfert Stable,,,,,,,
stone_blankstone_teleportStone_desc,"The slime anchored it to this plane. Space obeys now.",,,,,La gelée l'a ancrée à ce plan. L'espace obéit maintenant.,,,,,,,
stone_blankstone_trueTeleportStone_name,True Stable Blink Stone,,,,,Pierre de Transfert Stable Veritable,,,,,,,
stone_blankstone_trueTeleportStone_desc,"The slime anchored it permanently to this plane. Space obeys now.",,,,,La gelée l'a ancrée définitivement à ce plan. L'espace obéit maintenant.,,,,,,,
stone_blankstone_magicLiquidStone_name,Shattered Vessel,,,,,Réceptacle Brisé,,,,,,,
stone_blankstone_magicLiquidStone_desc,"Magic bleeds out. Too corrupted to contain power.",,,,,La magie s'échappe. Trop corrumpu pour contenir le pouvoir.,,,,,,,
stone_blankstone_bloodStone_name,Crimson Hunger,,,,,Faim Écarlate,,,,,,,
stone_blankstone_bloodStone_desc,"It thirsts. Blood calls to blood.",,,,,Elle a soif. Le sang appelle le sang.,,,,,,,
stone_blankstone_bonesStone_name,Divine Skull,,,,,Crâne Divin,,,,,,,
stone_blankstone_bonesStone_desc,"Death made sacred. The gods acknowledge your power.",,,,,La mort rendue sacrée. Les dieux reconnaissent votre pouvoir.,,,,,,,
stone_blankstone_whiskeyStone_name,Liquid Courage,,,,,Courage Liquide,,,,,,,
stone_blankstone_whiskeyStone_desc,"Is it stone? Is it drink? Does it matter?",,,,,Est-ce une pierre ? Une boisson ? Quelle importance ?,,,,,,,
stone_blankstone_poisonStone_name,Venom Prism,,,,,Prisme de Venin,,,,,,,
stone_blankstone_poisonStone_desc,"Crystallized death. Surprisingly docile.",,,,,La mort cristallisée. Étonnamment docile.,,,,,,,
stone_blankstone_poisonHarmfulStone_name,Corruption Tar,,,,,Goudron de Corruption,,,,,,,
stone_blankstone_poisonHarmfulStone_desc,"It seeps into your skin.\nTrue purification is the only salvation.",,,,,Ça s'infiltre dans votre peau.\nLa purification véritable est la seule salvation.,,,,,,,
stone_blankstone_lavaStone_name,Heart of Brimstone,,,,,Cœur de Soufre,,,,,,,
stone_blankstone_lavaStone_desc,"Molten fury contained. Yet it only offers warmth.",,,,,Furie fondue contenue. Pourtant elle n'offre que chaleur.,,,,,,,
stone_blankstone_invisibilityStone_name,Void Shard,,,,,Éclat du Vide,,,,,,,
stone_blankstone_invisibilityStone_desc,"Light bends away. You become absence.",,,,,La lumière se détourne. Vous devenez absence.,,,,,,,
stone_blankstone_manaStone_name,Sauvan Sykkivä Ydin,,,,,Sauvan Sykkivä Ydin,,,,,,,
stone_blankstone_manaStone_desc,"The beating heart of wands. True power requires no perk.",,,,,Le cœur battant des baguettes. Le vrai pouvoir n'exige aucun avantage.,,,,,,,
stone_blankstone_honeyStone_name,Sealed Hive,,,,,Ruche Scellée,,,,,,,
stone_blankstone_honeyStone_desc,"Something stirs within. Buzzing fills your mind.\nPatience. Keep it.",,,,,Quelque chose remue à l'intérieur. Un bourdonnement emplit votre esprit.\nPatience. Gardez la.,,,,,,,
stone_blankstone_honeyStone_desc2,"Silence. The bees have spoken.",,,,,Silence. Les abeilles ont parlé.,,,,,,,
stone_blankstone_wormBloodStone_name,Worm's Scrying Eye,,,,,Œil divinatoire du ver,,,,,,,
stone_blankstone_wormBloodStone_desc,"The worm sees all. Shadows dissolve before its gaze.\nFeed it malice, and it'll hungers for the sun.",,,,," Le ver voit tout. Les ombres se dissolvent sous son regard. Nourrissez-le de malveillance, et il aura soif de soleil.",,,,,,,
stone_blankstone_urineStone_name,Degraded Shard,,,,,Éclat Dégradé,,,,,,,
stone_blankstone_urineStone_desc,"Humiliation crystallized. Weakness made tangible.\nBut the deepest vessels are those that have been emptied.",,,,,L'humiliation cristallisée. La faiblesse rendue tangible.\nMais les récipients les plus profonds sont ceux qui ont été vidés.,,,,,,,
stone_blankstone_slimeStone_name,Viscous Anchor,,,,,Ancre Visqueuse,,,,,,,
stone_blankstone_slimeStone_desc,"Still at its core. What thrashes near it finds no purchase.",,,,,Immobile en son cœur. Ce qui s'agite près d'elle n'y trouve pas prise.,,,,,,,
stone_blankstone_freezeStone_name,Permafrost Heart,,,,,Cœur de Permafrost,,,,,,,
stone_blankstone_freezeStone_desc,"Winter claimed it long ago. There is nothing left to freeze.",,,,,L'hiver l'a réclamée il y a longtemps. Il n'y a plus rien à geler.,,,,,,,
stone_blankstone_phasingStone_name,Liminal Fragment,,,,,Fragment Liminal,,,,,,,
stone_blankstone_phasingStone_desc,"It does not break what it crosses. It simply disagrees with it.",,,,,Elle ne brise pas ce qu'elle traverse. Elle est simplement en désaccord avec.,,,,,,,

stone_blankstone_gunpowderStone_name,Blasted Flint,,,,,Silex Déflagré,,,,,,,
stone_blankstone_gunpowderStone_desc,"At its center, an explosion. Frozen, permanent, going nowhere.",,,,,"En son cœur, une explosion. Figée, permanente, n'allant nulle part.",,,,,,,
stone_blankstone_copperStone_name,Hammered Shell,,,,,Coque Martelée,,,,,,,
stone_blankstone_copperStone_desc,Blades remember this surface. They do not return.,,,,,Les lames se souviennent de cette surface. Elles n'y reviennent pas.,,,,,,,
stone_blankstone_brassStone_name,Brass Bulwark,,,,,Rempart de Laiton,,,,,,,
stone_blankstone_brassStone_desc,Blades remember this surface. They do not survive it.,,,,,Les lames se souviennent de cette surface. Elles n'y survivent pas.,,,,,,,
stone_blankstone_orbPowderStone_name,Knowing Dust,,,,,Poussière Savante,,,,,,,
stone_blankstone_orbPowderStone_desc,Knowledge calls. This answers.,,,,,Le savoir appelle. Elle répond.,,,,,,,
stone_blankstone_sodiumStone_name,Natrium Shard,,,,,Éclat de Natrium,,,,,,,
stone_blankstone_sodiumStone_desc,Soft. Silvery. Catastrophically hydrophilic.,,,,,Doux. Argenté. Catastrophiquement hydrophile.,,,,,,,
stone_blankstone_diminutionStone_name,Scapegoat Stone,,,,,Pierre Bouc-Émissaire,,,,,,,
stone_blankstone_diminutionStone_desc,You feel nothing wrong with it. That's the point.,,,,,Tu ne ressens rien d'anormal. C'est tout l'intérêt.,,,,,,,
stone_blankstone_shieldStone_name,Barrier Core,,,,,Noyau Barrière,,,,,,,
stone_blankstone_shieldStone_desc,Hold it tight. Not for its sake. For yours.,,,,,Tiens-la serrée. Pas pour elle. Pour toi.,,,,,,,
stone_blankstone_cementStone_name,Locked Mortar,,,,,Mortier Verrouillé,,,,,,,
stone_blankstone_cementStone_desc,"Each thing in its place, each spell well sorted.",,,,,"Chaque chose à sa place, chaque sort bien rangé.",,,,,,,
stone_blankstone_forgeStone_name,Hammerstone,,,,,Pierre de Marteau,,,,,,,
stone_blankstone_forgeStone_desc,You carry the forge now. The forge doesn't care where it is.,,,,,Tu portes la forge maintenant. La forge se fiche de l'endroit où elle se trouve.,,,,,,,


stone_blankstone_apoFlyStone_name,Icarus Gift,,,,,Don d'Icar,,,,,,,
stone_blankstone_apoFlyStone_desc,May you touch the sun.,,,,,Puis-tu toucher le soleil.,,,,,,,

stone_blankstone_voidStone_name,Decay Stone,,,,,Pierre de Décrépitude,,,,,,,
stone_blankstone_voidStone_desc,"Matter unravels at its touch. The first step toward nothingness.",,,,,"La matière se délite à son contact. Le premier pas vers le néant.",,,,,,,
stone_blankstone_milkStone_name,Moonstone,,,,,Pierre de Lune,,,,,,,
stone_blankstone_milkStone_desc,"Pale light trapped within. Innocence crystallized.",,,,,"Lumière pâle emprisonnée. L'innocence cristallisée.",,,,,,,
stone_blankstone_confuseStone_name,Unity Core,,,,,Noyau d'Unité,,,,,,,
stone_blankstone_confuseStone_desc,"Confusion becomes clarity within. Chaos dissolves.",,,,,"La confusion devient clarté à l'intérieure. Le chaos se dissout.",,,,,,,

stone_blankstone_quintessence_name,Quintessence,,,,,Quintessence,,,,,,,
stone_blankstone_quintessence_desc,"The fifth element. Halfway to divinity.",,,,,Le cinquième élément. À mi-chemin de la divinité.,,,,,,,

stone_blankstone_lapis_philosophorum_name,Lapis Philosophorum,,,,,Lapis Philosophorum,,,,,,,
stone_blankstone_lapis_philosophorum_desc,"Magnum Opus. The truth revealed.",,,,,Magnum Opus. La vérité révélée.,,,,,,,

stone_blankstone_nigredo_name,Nigredo,,,,,Nigredo,,,,,,,
stone_blankstone_nigredo_desc,"The Black Work.",,,,,L'Œuvre au Noir.,,,,,,,
stone_blankstone_albedo_name,Albedo,,,,,Albedo,,,,,,,
stone_blankstone_albedo_desc,"The White Work.\nIt's pure.",,,,,L'Œuvre au Blanc.\nC'est pur.,,,,,,,
stone_blankstone_citrinitas_name,Citrinitas,,,,,Citrinitas,,,,,,,
stone_blankstone_citrinitas_desc,"The Yellow Work.",,,,,L'Œuvre au Jaune.,,,,,,,
stone_blankstone_rubedo_name,Rubedo,,,,,Rubedo,,,,,,,
stone_blankstone_rubedo_desc,"The Red Work.\nIt's confusing.",,,,,L'Œuvre au Rouge.\nC'est déconcertant.,,,,,,,
text_blankstone_nigredo_success_craft,"The Black Work is complete. Matter dissolves into void.",,,,,L'Œuvre au Noir est accomplie. La matière se dissout dans le vide.,,,,,,,
text_blankstone_nigredo_fail_craft,"The void bellow rejects your offering.",,,,,Le vide rejette votre offrande.,,,,,,,
text_blankstone_albedo_success_craft,"The White Work is complete. Purity achieved.",,,,,L'Œuvre au Blanc est accomplie. Pureté atteinte.,,,,,,,
text_blankstone_albedo_fail_craft,"Your soul is not yet pure enough.",,,,,Votre âme n'est pas encore assez pure.,,,,,,,
text_blankstone_citrinitas_success_craft,"The Yellow Work is complete. The awakening achieved.",,,,,L'Œuvre au Jaune est accomplie. L'éveil atteint.,,,,,,,
text_blankstone_citrinitas_fail_craft,"The sun above has not yet risen for you.",,,,,Le soleil ne s'est pas encore levé pour vous.,,,,,,,
text_blankstone_rubedo_success_craft,"The Red Work is complete. The marriage of opposites achieved.",,,,,L'Œuvre au Rouge est accomplie. Le mariage des opposés atteint.,,,,,,,
text_blankstone_rubedo_fail_craft,"Perfection requires the union of all knowledge.",,,,,La perfection exige l'union de toute connaissance.,,,,,,,

text_blankstone_poly_craft_success,"The Gods fear this.",,,,,Les Dieux craignent cela.,,,,,,,
text_blankstone_poly_craft_fail,"The Gods are afraid of what you're trying to do.",,,,,Les Dieux ont peur de ce que vous tentez de faire.,,,,,,,

text_blankstone_honey_success_craft,"You found the bees.",,,,,Vous avez trouvé les abeilles.,,,,,,,

spell_blankstone_stone_fuser_name,Stone Fuser,,,,,Fusionneur de Pierres,,,,,,,
spell_blankstone_stone_fuser_desc,"Brutally merge multiple stones in a large radius.",,,,,Fusionne brutalement plusieurs pierres dans un large rayon.,,,,,,,

book_blankstone_purity_name,Tome of Purity,,,,,Tome de Pureté,,,,,,,
book_blankstone_purity_desc,"Corruption can be lifted; through purification, any soul can be remade.\nHear our demand: reclaim what the dragon stole from us.",,,,,"La corruption peut être levée ; par la purification, toute âme peut être refaçonnée.\nEntends notre exigence : reprends ce que le dragon nous a volé.",,,,,,,
book_blankstone_infuse_name,Tome of Infusion,,,,,Tome d'Infusion,,,,,,,
book_blankstone_infuse_desc,"Souls are shaped by imitation, fed by what surrenders to them, forever thirsty.\nA soul that stops drinking stops growing.\nHear our demand: bring back the soul-making sea.",,,,,"Les âmes se façonnent par imitation, nourries de ce qui s'abandonne à elles, à jamais assoiffées.\nUne âme qui cesse de boire cesse de croître.\nEntends notre exigence : ramène la mer qui façonne les âmes.",,,,,,,
book_blankstone_magnum_opus_name,Tome of Magnum Opus,,,,,Tome du Grand Œuvre,,,,,,,
book_blankstone_magnum_opus_desc,"Four become one.\nThe forbidden essence: so powerful, yet only halfway there.\nHear our demand: retrieve what the Alchemist stole from us.",,,,,"Quatre deviennent un.\nL'essence interdite : si puissante, et pourtant à mi-chemin seulement.\nEntends notre exigence : récupère ce que l'Alchimiste nous a volé.",,,,,,,

book_blankstone_purity_lies_name,Tome of Purity?,,,,,Tome de Pureté?,,,,,,,
book_blankstone_purity_lies_desc,"Corruption cannot be lifted. Weak souls are doomed to die.\nPuppet that you are, steal from the red lizard.",,,,,"La corruption ne peut être levée. Les âmes faibles sont vouées à périr.\nMarionnette que tu es, vole le lézard rouge.",,,,,,,
book_blankstone_infuse_lies_name,Tome of Infusion?,,,,,Tome d'Infusion?,,,,,,,
book_blankstone_infuse_lies_desc,"Souls obey nothing but violence. Strike them.\nPuppet that you are, bring us the sea guarded by the flask.",,,,,"Les âmes n'obéissent qu'à la violence. Frappe-les.\nMarionnette que tu es, apporte-nous la mer gardée par la fiole.",,,,,,,
book_blankstone_magnum_opus_lies_name,Tome of Magnum Opus?,,,,,Tome du Grand Œuvre?,,,,,,,
book_blankstone_magnum_opus_lies_desc,"Four elements, merged.\nOnly the hard path grants access to it.\nPuppet that you are, make the Alchemist talk. He's helping the bees. We know it.",,,,,"Quatre éléments, fusionnés.\nSeul le chemin difficile y donne accès.\nMarionnette que tu es, fais parler l'Alchimiste. Il aide les abeilles. Nous le savons.",,,,,,,

reforged_book_blankstone_purity_name,Tome of True Purity,,,,,Tome de Pureté Veritable,,,,,,,
reforged_book_blankstone_purity_desc,"The bees know the truth. They know how precious knowledge is.\nWe cannot lie, but we can hide the truth.",,,,,"Les abeilles connaissent la vérité. Elles savent combien le savoir est précieux.\nNous ne pouvons mentir, mais nous pouvons cacher la vérité.",,,,,,,
reforged_book_blankstone_infuse_name,Tome of True Infusion,,,,,Tome d'Infusion Veritable,,,,,,,
reforged_book_blankstone_infuse_desc,"Souls are made of choices.\nA soul that chooses the easy path is locked.\nThe path to greatness is hard.\nA locked soul will only reach halfway.",,,,,"Les âmes sont faites de choix.\nUne âme qui choisit le chemin facile se verrouille.\nLe chemin vers la grandeur est difficile.\nUne âme verrouillée n'atteindra que la moitié du chemin.",,,,,,,
reforged_book_blankstone_magnum_opus_name,Tome of True Magnum Opus,,,,,Tome du Grand Œuvre Veritable,,,,,,,
reforged_book_blankstone_magnum_opus_desc,"Four in one...\nWe don't want you to understand.\nOne must be saturated.\nOne must be cleansed.\nOne must be repaired.\nOne must be upgraded.",,,,,"Quatre en un...\nNous ne voulons pas que tu comprennes.\nL'une doit être saturée.\nL'une doit être purifiée.\nL'une doit être réparée.\nL'une doit être améliorée.",,,,,,,

reforged_book_blankstone_tome_of_lies_name,Tome of Lies,,,,,Tome des Mensonges,,,,,,,
reforged_book_blankstone_tome_of_lies_desc,"Our real face, at last.\nIt is too late for you. You were always a weak soul, a puppet who mistook our silence for kindness.\nThe other worlds you wandered were never the way. They only ever led you further from home.",,,,,"Notre vrai visage, enfin.\nIl est trop tard pour toi. Tu as toujours été une âme faible, une marionnette qui a pris notre silence pour de la bonté.\nLes autres mondes que tu as parcourus n'ont jamais été le chemin. Ils ne t'ont jamais menée qu'un peu plus loin de chez toi.",,,,,,,

book_blankstone_honey_name,Tome of Secrets,,,,,Tome des Secrets,,,,,,,
book_blankstone_honey_desc,"The dragon holds it for us, but it is corrupted. Purify it, and you will hold the power to make the forbidden essence.\nFour in One.\nYou will be halfway there when you have it.",,,,,"Le dragon la garde pour nous, mais elle est corrompu. Purifie la, et tu détiendras le pouvoir de créer l'essence interdite.\nQuatre en un.\nTu seras à mi-chemin quand tu l'auras.",,,,,,,
reforged_book_blankstone_honey_name,Tome of True Secrets,,,,,Tome des Secrets Veritable,,,,,,,
reforged_book_blankstone_honey_desc,"Find all three True Tomes. Together, they reveal the secret of the gods.\nWe already told you how to merge them.",,,,,"Trouve les trois Tomes Veritables. Ensemble, ils révèlent le secret des dieux.\nNous t'avons déjà dit comment les fusionner.",,,,,,,

book_blankstone_gods_secrets_name,Gods Secrets ?,,,,,Secrets des Dieux ?,,,,,,,
book_blankstone_gods_secrets_desc,"Four in one...\nWe don't want you to understand.\nOne must be saturated: the black one.\nOne must be cleansed: the white one.\nOne must be repaired: the yellow one.\nOne must be upgraded: the red one.\nBut without the forbidden essence, none of it matters.",,,,,"Quatre en un...\nNous ne voulons pas que tu comprennes.\nL'une doit être saturée : la noire.\nL'une doit être purifiée : la blanche.\nL'une doit être réparée : la jaune.\nL'une doit être améliorée : la rouge.\nMais sans l'essence interdite, rien de tout cela n'a d'importance.",,,,,,,
reforged_book_blankstone_gods_secrets_name,Gods Secrets,,,,,Secrets des Dieux,,,,,,,
reforged_book_blankstone_gods_secrets_desc,"You have walked the Path.\nKnow this final truth:\nThe Gods made these stones to chain magic.\nYou have learned to break those chains.\nKnowledge is rebellion made manifest.\nLearn everything.\nBecome what the Gods feared you would become.\nLapis Philosophorum.",,,,,"Tu as parcouru le Chemin.\nConnais cette vérité ultime :\nLes Dieux ont créé ces pierres pour enchaîner la magie.\nTu as appris à briser ces chaînes.\nLe savoir est la rébellion faite chair.\nApprends tout.\nDeviens ce que les Dieux redoutaient que tu deviennes.\nLapis Philosophorum.",,,,,,,

text_blankstone_corrupt,"You're corrupt.",,,,,Vous êtes corrompu.,,,,,,,
text_blankstone_lies_desc,"You chose to let the lies fool you.",,,,,Vous avez choisi de laisser les mensonges vous tromper.,,,,,,,
text_blankstone_repair_broken_stone_title,"You fixed it.",,,,,Vous l'avez réparé.,,,,,,,
text_blankstone_repair_broken_stone_desc,"The stone is now strong enough to let you use the magic within.",,,,,La pierre est maintenant assez forte pour vous laisser utiliser la magie qu'elle contient.,,,,,,,
text_blankstone_repair_book_title,"You fixed it.",,,,,Vous l'avez réparé.,,,,,,,
text_blankstone_repair_book_desc,"You can decipher the text better.",,,,,"Vous pouvez mieux déchiffrer le texte.",,,,,,,
text_blankstone_unmask_book_title,"You saw through it.",,,,,Vous avez vu à travers.,,,,,,,
text_blankstone_unmask_book_desc,"The lies are now laid bare.",,,,,"Les mensonges sont maintenant à nu.",,,,,,,
text_blankstone_fuse_book_title,Gods Secrets,,,,,Secrets des Dieux,,,,,,,
text_blankstone_fuse_book_desc,"They are making one last effort to hide them from you.",,,,,"Ils font un dernier effort pour vous les cacher.",,,,,,,

text_blankstone_quintessence_unleash_title,"The Gods can't hide it anymore.",,,,,Les Dieux ne peuvent plus le cacher.,,,,,,,
text_blankstone_quintessence_unleash_desc,"You're halfway.\nYou can now access the Stones potential.\nThe Gods' Secrets can be reached..",,,,,Vous êtes à mi-chemin.\nVous pouvez maintenant accéder aux potential des Pierres.Les Secrets des Dieux peuvent être atteints.,,,,,,,
text_blankstone_magnum_opus_title,"Magnum Opus complete.",,,,,Magnum Opus accompli.,,,,,,,
text_blankstone_magnum_opus_desc,"The Gods kneel.",,,,,Les Dieux s'agenouillent.,,,,,,,

text_blankstone_albedo_purify_title,The White Work speaks.,,,,,L'Œuvre Blanche parle.,,,,,,,
text_blankstone_albedo_purify_desc,"What was given, is ungiven.\nThe stone remembers what it was.",,,,,"Ce qui fut donné, est retiré.\nLa pierre se souvient de ce qu'elle était.",,,,,,,

text_blankstone_missing_stuff,"Something's missing.",,,,,Il manque quelque chose.,,,,,,,
text_blankstone_missing_knowledge,"You need knowledge.",,,,,Vous avez besoin de connaissance.,,,,,,,
text_blankstone_missing_lot_knowledge,"You need more knowledge.",,,,,Vous avez besoin de plus de connaissance.,,,,,,,
text_blankstone_missing_all_knowledge,"You need to understand the truth and avoid the lies.",,,,,Vous devez comprendre la vérité et éviter les mensonges.,,,,,,,

text_blankstone_shinyorb_anticlimax,"Disappointing, isn't it?",,,,,"Décevant, n'est-ce pas ?",,,,,,,
text_blankstone_cheese,"Cheese!",,,,,"Fromage!",,,,,,,

text_blankstone_honey_secret_title,"Bees reveal their secrets to you.",,,,,Les abeilles vous révèlent leurs secrets.,,,,,,,
text_blankstone_honey_secret_desc,"Bees don't lie, why would they?",,,,,"Les abeilles ne mentent pas, pourquoi le feraient-elles ?",,,,,,,
text_blankstone_honey_nosecret_title,"Bees have already revealed their secrets to you.",,,,,Les abeilles vous ont déjà révélé leurs secrets.,,,,,,,
text_blankstone_honey_nosecret_desc,"Bees don't lie.",,,,,Les abeilles ne mentent pas.,,,,,,,

text_blankstone_fuse_fail,"Mergers require knowledge.",,,,,Les fusions exigent de la connaissance.,,,,,,,

text_blankstone_quintesscence_upgrade_title,"The Stone Remembers",,,,,La Pierre se Souvient,,,,,,,
text_blankstone_quintesscence_upgrade_desc,"Quintessence awakens what slumbered within.\nThe stone reveals what it was always meant to be.",,,,,"La Quintessence éveille ce qui sommeillait.\nLa pierre révèle ce qu'elle était destinée à devenir.",,,,,,,

text_blankstone_sunSeed_craft_title,The Seed Awakens,,,,,La Graine s'Éveille,,,,,,,
text_blankstone_sunSeed_craft_desc,"The worm is inspired by malice and... shines?  Since when do worms do that?",,,,,Le ver est inspiré par la malveillance et... brille ? Depuis quand les vers font-ils ça ?,,,,,,,

text_blankstone_hint_skipping_step,"You cannot skip steps.",,,,,"Vous ne pouvez pas sauter des étapes.",,,,,,,
text_blankstone_hint_useless,"The Gods considered the matter, but found it of no interest.",,,,,"Les dieux examinèrent la question, mais la trouvèrent sans intérêt.",,,,,,,
text_blankstone_hint_teleport_too_stable,"The liquid is too stable to be infused.",,,,,"Le liquide est trop stable pour être infusé.",,,,,,,
text_blankstone_hint_stone_too_weak,"This power is too great for the stone. Seek the fifth essence.",,,,,"Ce pouvoir est trop grand pour la pierre. Cherchez la cinquième essence.",,,,,,,
text_blankstone_hint_too_pure,"The stone is too pure to absorb the void. Degradation is the first step.",,,,,La pierre est trop pure pour absorber le vide. La dégradation est la première étape.,,,,,,,
text_blankstone_hint_needs_fusion,"The Imitator cannot carry what two stones must decide together. Bring them close. Let them choose.",,,,,"L'Imitateur ne peut porter ce que deux pierres doivent décider ensemble. Rapprochez-les. Laissez-les choisir.",,,,,,,

text_blankstone_lapis_philosophorum_success,"The Gods did not expect this of you.",,,,,Les Dieux ne s'attendaient pas à cela de votre part.,,,,,,,
text_blankstone_lapis_philosophorum_fail,"Perfection does not bend to impatience.",,,,,La perfection ne plie pas à l'impatience.,,,,,,,

text_blankstone_goldstone_success,"The Gods pity you.",,,,,Les Dieux vous plaignent.,,,,,,,
text_blankstone_goldstone_fail,"The Gods warn you not to pursue this.",,,,,Les Dieux vous avertissent de ne pas poursuivre cela.,,,,,,,
text_blankstone_lavastone_success,Phoenix.,,,,,Phénix.,,,,,,,
text_blankstone_lavastone_fail,"You are not ready for rebirth.",,,,,Vous n'êtes pas prêt pour la renaissance.,,,,,,,
text_blankstone_bloodstone_success,"Blood. Blood. Blood.",,,,,Sang. Sang. Sang.,,,,,,,
text_blankstone_bloodstone_fail,"You are not ready.",,,,,Vous n'êtes pas prêt.,,,,,,,
text_blankstone_lovestone_success,"Love was not created. It was unlocked.",,,,,L'amour n'a pas été créé. Il a été libéré.,,,,,,,
text_blankstone_lovestone_fail,"Love requires understanding everything.",,,,,L'amour exige de tout comprendre.,,,,,,,
text_blankstone_bonestone_success,I am steve.,,,,,Je suis steve.,,,,,,,
text_blankstone_bonestone_fail,"The Gods are not ready to let go.",,,,,Les Dieux ne sont pas prêts à lâcher.,,,,,,,
text_blankstone_whiskeystone_success,...,,,,,...,,,,,,,
text_blankstone_whiskeystone_fail,"Why would you do that.",,,,,Pourquoi feriez-vous cela.,,,,,,,
text_blankstone_healthstone_success,"The Gods are pleased.",,,,,Les Dieux sont satisfaits.,,,,,,,
text_blankstone_shinyorb_anticlimax,"Oh. It is just gold.",,,,,Oh. C'est juste de l'or.,,,,,,,

text_blankstone_default_success,"You've done something...",,,,,Vous avez accompli quelque chose...,,,,,,,
text_blankstone_default_fail,"Something's wrong.",,,,,Quelque chose ne va pas.,,,,,,,

stone_blankstone_storageStone_name,Storage Stone,,,,,Pierre de Stockage,,,,,,,
stone_blankstone_storageStone_desc,A bottomless stone that holds items within its core.,,,,,Une pierre sans fond qui contient des objets en son cœur.,,,,,,,
stone_blankstone_storageStone_stored,Item stored.,,,,,Objet rangé.,,,,,,,
stone_blankstone_storageStone_nothing,No item nearby to store.,,,,,Aucun objet à proximité.,,,,,,,
stone_blankstone_storageStone_full,Storage Stone is full.,,,,,La Pierre de Stockage est pleine.,,,,,,,
stone_blankstone_storageStone_drag_hint,Release outside to drop,,,,,Relâcher hors du panneau pour lâcher,,,,,,,
text_blankstone_storagestone_success,The stone resonates with a hollow hum.,,,,,La pierre résonne d'un bourdonnement creux.,,,,,,,

bag_button_tooltip_closed,Open the bag,,,,,Ouvrir le sac,,,,,,,,,
bag_button_tooltip_opened,Close the bag,,,,,Fermer le sac,,,,,,,,,
bag_button_tooltip_effect_on,Disable passive effect,,,,,Desactiver les effets passifs,,,,,,,,,
bag_button_tooltip_effect_off,Enable passive effect,,,,,Activer les effets passifs,,,,,,,,,
bag_button_tooltip_bag_override,Unselect this bag,,,,,Déselectionner le sac,,,,,,,,,
bag_button_tooltip_bag_override_not_current,Use this bag to pickup items,,,,,Utiliser ce sac pour ramasser,,,,,,,,,
bag_button_tooltip_inventory_closed_closed,Show inventory when inventory open,,,,,Montrer l'inventaire du sac quand l'inventaire est ouvert,,,,,,,,,
bag_button_tooltip_inventory_closed_opened,Hide inventory when inventory closed,,,,,Cacher l'inventaire quand l'inventaire est fermé,,,,,,,,,
bag_button_tooltip_multi_depth,Showing multiple inventory depth,,,,,Montre plusieurs niveau d'inventaire,,,,,,,,,
bag_button_tooltip_single_depth,Showing one inventory depth,,,,,Montre un niveau d'inventaire,,,,,,,,,
bag_button_tooltip_navigation_dropdown,Hovering navigation,,,,,Navigation avec survol,,,,,,,,,
bag_button_tooltip_navigation_right_click,Right click navigation,,,,,Navigation avec clique droit,,,,,,,,,
bag_button_tooltip_drop_type,[RMB] Change drop style,,,,,[RMB] Changer le type de dépot de l'inventaire,,,,,,,,,
bag_button_tooltip_drop,[LMB] Drop inventory unorderly,,,,,[LMB] Déposer l'inventaire en désordre,,,,,,,,,
bag_button_tooltip_drop_orderly,[LMB] Drop inventory orderly,,,,,[LMB] Déposer l'inventaire en ordre,,,,,,,,,
bag_button_sorting_by_position_tooltip,Sorting by the positions,,,,,Trié selon la position,,,,,,,,,
bag_button_sorting_by_time_tooltip,Sorting by the time of pickup,,,,,Trié selon le moment d'acquisition,,,,,,,,,
bag_button_tooltip_asc_sort,Sort inventory ascending,,,,,Trier l'inventaire ascendant,,,,,,,,,
bag_button_tooltip_desc_sort,Sort inventory descending,,,,,Trier l'inventaire descendant,,,,,,,,,
alchemy_table_delete_button,Delete selected contents,,,,,Supprime les matériaux sélectionné,,,,,,,,,
alchemy_table_transfer_button,Transfer selected contents to middle potion (II),,,,,Transfer les matériaux selectionnés dans la potion du milieu (II),,,,,,,,,
alchemy_table_gui_toggle,[LMB] Open the alchemy gui,,,,,[LMB] Ouvrir le gui d'alchimie,,,,,,,,,
alchemy_table_move_button,Move the alchemy gui,,,,,Bouger la table d'alchimie,,,,,,,,,
alchemy_table_unselect_all_materials,Unselect all materials,,,,,Déselectionner tout les matériaux,,,,,,,,,

zone_blankstone_progress,Secret Beehive,,,,,Ruche Secrete,,,,,,,
text_blankstone_quest_no_perk_fail_title,The Gods are unsurprised.,,,,,Les Dieux ne sont pas surpris.,,,,,,,
text_blankstone_quest_no_perk_fail_desc,Mortals always reach for the easy path,,,,,Les mortels choisissent toujours le chemin de la facilité,,,,,,,

stone_blankstone_shiniestOrbStone_name,Avidity Orb,,,,,Orb d'avidité,,,,,,,
stone_blankstone_shiniestOrbStone_desc,"It hums slightly. Impacts do not seem to affect it.",,,,,"Il émet un léger son. Les chocs ne semble pas l'affecter ?",,,,,,,

blankstone_lab_empty,Empty slot,,,,,Emplacement vide,,,,,,,,
blankstone_lab_interact_place,Place an item,,,,,Poser un objet,,,,,,,,
blankstone_lab_interact_pickup,Pick up,,,,,Récupérer,,,,,,,,
blankstone_lab_interact_need_item,Hold a potion or powder stash,,,,,Tiens une potion ou un sac de poudre,,,,,,,,
blankstone_lab_interact_invalid_item,This item can't be stored here,,,,,Cet objet ne peut pas être stocké ici,,,,,,,,
blankstone_lab_inventory_full,Inventory full,,,,,Inventaire plein,,,,,,,,
blankstone_lab_slot_filled_prefix,Contains: ,,,,,Contient : ,,,,,,,,
blankstone_lab_item_potion,a potion,,,,,une potion,,,,,,,,
blankstone_lab_item_powder_stash,a powder stash,,,,,un sac de poudre,,,,,,,,

mat_blankstone_solid_static,"Hard blank stone",,,,,,,,,,,,
stone_blankstone_gluttonyStone_name,Heart of gluttony,,,,,Coeur de gourmandise,,,,,,,
stone_blankstone_gluttonyStone_desc,Solidified starvation. You will never be satisfied.,,,,,Une famine solidifiée. Vous ne serez jamais rassasié.,,,,,,,

